Year,Share,EV,PHEV
2016,0.55,0,0
2017,0.52,0.03,0.007944
2018,0.49,0.06,0.015888
2019,0.46,0.09,0.023832
2020,0.43,0.12,0.031776
2021,0.405,0.145,0.038396
2022,0.38,0.17,0.045016
2023,0.355,0.195,0.051636
2024,0.33,0.22,0.058256
2025,0.315,0.235,0.062228
2026,0.3,0.25,0.0662
2027,0.28,0.27,0.071496
2028,0.26,0.29,0.076792
2029,0.245,0.305,0.080764
2030,0.23,0.32,0.084736
